batch_id,drug_code,vendor_id,manufacture_date,expiry_date,initial_quantity
BAT_0001,M01AB,VEND_003,2013-09-23,2014-09-26,16438
BAT_0002,M01AB,VEND_005,2013-08-17,2015-02-07,7547
BAT_0003,M01AB,VEND_002,2013-10-09,2015-03-30,6519
BAT_0004,M01AE,VEND_006,2013-08-28,2014-10-16,18885
BAT_0005,M01AE,VEND_005,2013-09-06,2015-07-12,18223
BAT_0006,M01AE,VEND_009,2013-11-22,2015-07-15,7045
BAT_0007,N02BA,VEND_009,2013-08-29,2014-10-08,9803
BAT_0008,N02BA,VEND_004,2013-09-02,2015-06-24,16543
BAT_0009,N02BA,VEND_004,2013-11-16,2014-12-09,17665
BAT_0010,N02BE,VEND_004,2013-09-20,2014-10-30,19196
BAT_0011,N02BE,VEND_005,2013-11-08,2015-05-21,12428
BAT_0012,N02BE,VEND_006,2013-09-01,2014-11-23,10820
BAT_0013,N05B,VEND_005,2013-10-11,2015-09-19,16498
BAT_0014,N05B,VEND_003,2013-11-15,2015-09-22,13751
BAT_0015,N05B,VEND_008,2013-10-02,2014-12-24,11216
BAT_0016,N05C,VEND_009,2013-09-25,2015-08-18,8598
BAT_0017,N05C,VEND_004,2013-09-11,2014-10-09,18464
BAT_0018,N05C,VEND_007,2013-11-25,2015-05-05,9386
BAT_0019,R03,VEND_010,2013-11-17,2015-03-05,19358
BAT_0020,R03,VEND_008,2013-09-14,2014-12-31,11482
BAT_0021,R03,VEND_005,2013-08-08,2014-10-20,7287
BAT_0022,R06,VEND_009,2013-10-01,2015-07-15,9304
BAT_0023,R06,VEND_010,2013-07-07,2015-02-11,11543
BAT_0024,R06,VEND_003,2013-09-02,2014-12-23,13348
