hospital_id,drug_code,batch_id,current_stock,reorder_level
HOSP_001,M01AB,BAT_0001,681,200
HOSP_001,M01AB,BAT_0002,532,200
HOSP_001,M01AB,BAT_0003,1030,200
HOSP_001,M01AE,BAT_0004,1177,200
HOSP_001,M01AE,BAT_0005,803,200
HOSP_001,N02BA,BAT_0009,712,200
HOSP_001,N05B,BAT_0013,431,200
HOSP_001,N05B,BAT_0014,833,200
HOSP_001,N05B,BAT_0015,901,200
HOSP_001,N05C,BAT_0017,187,200
HOSP_001,R03,BAT_0019,193,200
HOSP_001,R03,BAT_0020,780,200
HOSP_001,R06,BAT_0022,514,200
HOSP_001,R06,BAT_0023,1154,200
HOSP_001,R06,BAT_0024,1467,200
HOSP_002,M01AB,BAT_0001,338,200
HOSP_002,M01AB,BAT_0002,935,200
HOSP_002,M01AE,BAT_0004,484,200
HOSP_002,M01AE,BAT_0006,1309,200
HOSP_002,N02BA,BAT_0009,687,200
HOSP_002,N02BE,BAT_0010,290,200
HOSP_002,N02BE,BAT_0012,830,200
HOSP_002,N05B,BAT_0013,451,200
HOSP_002,N05B,BAT_0014,826,200
HOSP_002,N05B,BAT_0015,230,200
HOSP_002,N05C,BAT_0017,1495,200
HOSP_002,R03,BAT_0020,715,200
HOSP_002,R06,BAT_0022,1358,200
HOSP_003,M01AB,BAT_0001,493,200
HOSP_003,M01AB,BAT_0002,1097,200
HOSP_003,M01AB,BAT_0003,432,200
HOSP_003,M01AE,BAT_0004,1269,200
HOSP_003,M01AE,BAT_0005,1304,200
HOSP_003,M01AE,BAT_0006,573,200
HOSP_003,N02BA,BAT_0007,882,200
HOSP_003,N02BA,BAT_0008,947,200
HOSP_003,N02BA,BAT_0009,1175,200
HOSP_003,N02BE,BAT_0011,759,200
HOSP_003,N05B,BAT_0013,1066,200
HOSP_003,N05B,BAT_0015,652,200
HOSP_003,N05C,BAT_0017,230,200
HOSP_003,R03,BAT_0019,1362,200
HOSP_003,R06,BAT_0024,468,200
HOSP_004,M01AB,BAT_0002,734,200
HOSP_004,M01AE,BAT_0004,340,200
HOSP_004,M01AE,BAT_0005,92,200
HOSP_004,M01AE,BAT_0006,1382,200
HOSP_004,N02BE,BAT_0011,829,200
HOSP_004,N02BE,BAT_0012,1337,200
HOSP_004,N05B,BAT_0013,896,200
HOSP_004,N05B,BAT_0014,392,200
HOSP_004,N05B,BAT_0015,362,200
HOSP_004,N05C,BAT_0016,433,200
HOSP_004,N05C,BAT_0017,881,200
HOSP_004,N05C,BAT_0018,585,200
HOSP_004,R03,BAT_0019,633,200
HOSP_004,R03,BAT_0021,1093,200
HOSP_004,R06,BAT_0022,1035,200
HOSP_004,R06,BAT_0023,937,200
HOSP_004,R06,BAT_0024,676,200
HOSP_005,M01AB,BAT_0001,1339,200
HOSP_005,M01AB,BAT_0002,430,200
HOSP_005,M01AB,BAT_0003,1102,200
HOSP_005,M01AE,BAT_0004,448,200
HOSP_005,M01AE,BAT_0006,1465,200
HOSP_005,N02BA,BAT_0009,1198,200
HOSP_005,N02BE,BAT_0010,1176,200
HOSP_005,N02BE,BAT_0011,243,200
HOSP_005,N02BE,BAT_0012,52,200
HOSP_005,N05B,BAT_0014,1414,200
HOSP_005,N05B,BAT_0015,297,200
HOSP_005,N05C,BAT_0016,838,200
HOSP_005,N05C,BAT_0018,629,200
HOSP_005,R03,BAT_0019,1156,200
HOSP_005,R03,BAT_0020,681,200
HOSP_005,R03,BAT_0021,776,200
HOSP_005,R06,BAT_0022,302,200
HOSP_005,R06,BAT_0023,135,200
HOSP_005,R06,BAT_0024,1165,200
HOSP_006,M01AB,BAT_0002,1465,200
HOSP_006,M01AE,BAT_0005,426,200
HOSP_006,M01AE,BAT_0006,1077,200
HOSP_006,N02BA,BAT_0007,691,200
HOSP_006,N02BA,BAT_0008,196,200
HOSP_006,N02BA,BAT_0009,223,200
HOSP_006,N02BE,BAT_0010,1208,200
HOSP_006,N02BE,BAT_0011,833,200
HOSP_006,N05B,BAT_0013,1309,200
HOSP_006,N05B,BAT_0015,373,200
HOSP_006,N05C,BAT_0016,975,200
HOSP_006,N05C,BAT_0017,144,200
HOSP_006,N05C,BAT_0018,1083,200
HOSP_006,R03,BAT_0019,138,200
HOSP_006,R03,BAT_0020,80,200
HOSP_006,R06,BAT_0022,505,200
HOSP_006,R06,BAT_0024,1038,200
HOSP_007,M01AB,BAT_0001,195,200
HOSP_007,M01AE,BAT_0004,100,200
HOSP_007,M01AE,BAT_0005,1381,200
HOSP_007,N02BA,BAT_0008,792,200
HOSP_007,N02BA,BAT_0009,726,200
HOSP_007,N02BE,BAT_0010,249,200
HOSP_007,N02BE,BAT_0011,335,200
HOSP_007,N02BE,BAT_0012,365,200
HOSP_007,N05B,BAT_0013,122,200
HOSP_007,N05B,BAT_0014,351,200
HOSP_007,N05C,BAT_0016,546,200
HOSP_007,N05C,BAT_0017,1183,200
HOSP_007,R03,BAT_0020,1433,200
HOSP_007,R03,BAT_0021,266,200
HOSP_007,R06,BAT_0022,543,200
HOSP_007,R06,BAT_0023,1319,200
HOSP_007,R06,BAT_0024,1011,200
HOSP_008,M01AB,BAT_0001,548,200
HOSP_008,M01AB,BAT_0002,1404,200
HOSP_008,M01AB,BAT_0003,372,200
HOSP_008,M01AE,BAT_0004,1008,200
HOSP_008,M01AE,BAT_0005,946,200
HOSP_008,M01AE,BAT_0006,370,200
HOSP_008,N02BA,BAT_0009,650,200
HOSP_008,N02BE,BAT_0011,834,200
HOSP_008,N02BE,BAT_0012,885,200
HOSP_008,N05B,BAT_0013,673,200
HOSP_008,N05C,BAT_0016,743,200
HOSP_008,N05C,BAT_0017,455,200
HOSP_008,R03,BAT_0019,97,200
HOSP_008,R03,BAT_0020,182,200
HOSP_008,R03,BAT_0021,1434,200
HOSP_008,R06,BAT_0022,1190,200
HOSP_008,R06,BAT_0023,1209,200
HOSP_008,R06,BAT_0024,302,200
HOSP_009,M01AB,BAT_0001,1489,200
HOSP_009,M01AB,BAT_0002,153,200
HOSP_009,M01AE,BAT_0004,212,200
HOSP_009,N02BA,BAT_0009,497,200
HOSP_009,N02BE,BAT_0010,643,200
HOSP_009,N02BE,BAT_0011,1236,200
HOSP_009,N02BE,BAT_0012,287,200
HOSP_009,N05B,BAT_0013,204,200
HOSP_009,N05B,BAT_0014,1346,200
HOSP_009,N05B,BAT_0015,890,200
HOSP_009,N05C,BAT_0018,52,200
HOSP_009,R03,BAT_0019,622,200
HOSP_009,R03,BAT_0020,745,200
HOSP_009,R06,BAT_0024,953,200
HOSP_010,M01AB,BAT_0002,390,200
HOSP_010,M01AB,BAT_0003,1381,200
HOSP_010,M01AE,BAT_0004,340,200
HOSP_010,M01AE,BAT_0005,625,200
HOSP_010,M01AE,BAT_0006,1380,200
HOSP_010,N02BA,BAT_0008,888,200
HOSP_010,N02BE,BAT_0010,486,200
HOSP_010,N02BE,BAT_0011,886,200
HOSP_010,N02BE,BAT_0012,609,200
HOSP_010,N05B,BAT_0013,1114,200
HOSP_010,N05B,BAT_0014,726,200
HOSP_010,N05B,BAT_0015,284,200
HOSP_010,N05C,BAT_0016,1390,200
HOSP_010,N05C,BAT_0017,526,200
HOSP_010,R03,BAT_0019,451,200
HOSP_010,R03,BAT_0020,705,200
HOSP_010,R03,BAT_0021,1411,200
HOSP_010,R06,BAT_0024,375,200
HOSP_011,M01AB,BAT_0002,735,200
HOSP_011,M01AB,BAT_0003,300,200
HOSP_011,M01AE,BAT_0004,313,200
HOSP_011,M01AE,BAT_0005,1143,200
HOSP_011,N02BA,BAT_0007,933,200
HOSP_011,N02BA,BAT_0009,200,200
HOSP_011,N02BE,BAT_0010,292,200
HOSP_011,N02BE,BAT_0011,619,200
HOSP_011,N02BE,BAT_0012,890,200
HOSP_011,N05B,BAT_0013,612,200
HOSP_011,N05B,BAT_0014,267,200
HOSP_011,N05B,BAT_0015,399,200
HOSP_011,N05C,BAT_0016,1319,200
HOSP_011,N05C,BAT_0018,170,200
HOSP_011,R03,BAT_0019,1286,200
HOSP_011,R03,BAT_0020,743,200
HOSP_011,R03,BAT_0021,1430,200
HOSP_011,R06,BAT_0022,1453,200
HOSP_012,M01AB,BAT_0001,216,200
HOSP_012,M01AB,BAT_0002,158,200
HOSP_012,M01AE,BAT_0004,319,200
HOSP_012,M01AE,BAT_0006,561,200
HOSP_012,N02BA,BAT_0007,1348,200
HOSP_012,N02BA,BAT_0008,863,200
HOSP_012,N02BA,BAT_0009,1094,200
HOSP_012,N02BE,BAT_0010,249,200
HOSP_012,N02BE,BAT_0011,148,200
HOSP_012,N02BE,BAT_0012,337,200
HOSP_012,N05B,BAT_0013,739,200
HOSP_012,N05B,BAT_0014,217,200
HOSP_012,N05B,BAT_0015,833,200
HOSP_012,N05C,BAT_0016,342,200
HOSP_012,N05C,BAT_0017,863,200
HOSP_012,N05C,BAT_0018,418,200
HOSP_012,R03,BAT_0019,1346,200
HOSP_012,R03,BAT_0020,612,200
HOSP_012,R03,BAT_0021,1099,200
HOSP_012,R06,BAT_0022,991,200
HOSP_012,R06,BAT_0023,1166,200
HOSP_013,M01AB,BAT_0001,1139,200
HOSP_013,M01AB,BAT_0003,958,200
HOSP_013,M01AE,BAT_0004,762,200
HOSP_013,M01AE,BAT_0005,75,200
HOSP_013,M01AE,BAT_0006,573,200
HOSP_013,N02BA,BAT_0007,53,200
HOSP_013,N02BA,BAT_0008,1186,200
HOSP_013,N02BE,BAT_0010,387,200
HOSP_013,N02BE,BAT_0011,491,200
HOSP_013,N05B,BAT_0015,687,200
HOSP_013,N05C,BAT_0016,239,200
HOSP_013,N05C,BAT_0017,666,200
HOSP_013,N05C,BAT_0018,92,200
HOSP_013,R03,BAT_0021,1001,200
HOSP_013,R06,BAT_0022,1255,200
HOSP_013,R06,BAT_0024,1202,200
HOSP_014,M01AB,BAT_0001,665,200
HOSP_014,M01AB,BAT_0002,82,200
HOSP_014,M01AB,BAT_0003,237,200
HOSP_014,M01AE,BAT_0004,909,200
HOSP_014,M01AE,BAT_0005,1297,200
HOSP_014,N02BE,BAT_0010,232,200
HOSP_014,N02BE,BAT_0011,455,200
HOSP_014,N02BE,BAT_0012,489,200
HOSP_014,N05B,BAT_0014,849,200
HOSP_014,N05C,BAT_0017,267,200
HOSP_014,N05C,BAT_0018,873,200
HOSP_014,R03,BAT_0019,598,200
HOSP_014,R03,BAT_0020,686,200
HOSP_014,R03,BAT_0021,1152,200
HOSP_014,R06,BAT_0022,327,200
HOSP_014,R06,BAT_0023,113,200
HOSP_014,R06,BAT_0024,1119,200
HOSP_015,M01AB,BAT_0001,1137,200
HOSP_015,M01AB,BAT_0002,1121,200
HOSP_015,M01AB,BAT_0003,195,200
HOSP_015,M01AE,BAT_0004,1144,200
HOSP_015,M01AE,BAT_0005,855,200
HOSP_015,M01AE,BAT_0006,513,200
HOSP_015,N02BA,BAT_0007,571,200
HOSP_015,N02BA,BAT_0008,164,200
HOSP_015,N02BA,BAT_0009,950,200
HOSP_015,N02BE,BAT_0011,1070,200
HOSP_015,N02BE,BAT_0012,400,200
HOSP_015,N05B,BAT_0015,451,200
HOSP_015,N05C,BAT_0016,876,200
HOSP_015,N05C,BAT_0018,1243,200
HOSP_015,R03,BAT_0021,608,200
HOSP_015,R06,BAT_0022,653,200
HOSP_015,R06,BAT_0023,1027,200
HOSP_015,R06,BAT_0024,372,200
HOSP_016,M01AB,BAT_0001,189,200
HOSP_016,M01AB,BAT_0002,108,200
HOSP_016,M01AE,BAT_0005,917,200
HOSP_016,M01AE,BAT_0006,1129,200
HOSP_016,N02BA,BAT_0007,547,200
HOSP_016,N02BA,BAT_0008,324,200
HOSP_016,N02BE,BAT_0010,793,200
HOSP_016,N02BE,BAT_0011,1229,200
HOSP_016,N05B,BAT_0013,562,200
HOSP_016,N05B,BAT_0014,1391,200
HOSP_016,N05C,BAT_0016,1035,200
HOSP_016,N05C,BAT_0018,799,200
HOSP_016,R03,BAT_0019,230,200
HOSP_016,R03,BAT_0020,375,200
HOSP_016,R03,BAT_0021,700,200
HOSP_016,R06,BAT_0022,759,200
HOSP_016,R06,BAT_0023,1469,200
HOSP_017,M01AB,BAT_0001,696,200
HOSP_017,M01AB,BAT_0002,909,200
HOSP_017,M01AB,BAT_0003,736,200
HOSP_017,M01AE,BAT_0004,279,200
HOSP_017,M01AE,BAT_0005,293,200
HOSP_017,N02BA,BAT_0007,86,200
HOSP_017,N02BA,BAT_0009,86,200
HOSP_017,N02BE,BAT_0010,1332,200
HOSP_017,N02BE,BAT_0011,1210,200
HOSP_017,N05B,BAT_0013,915,200
HOSP_017,N05B,BAT_0014,1257,200
HOSP_017,N05B,BAT_0015,888,200
HOSP_017,N05C,BAT_0017,744,200
HOSP_017,R03,BAT_0019,210,200
HOSP_017,R03,BAT_0020,536,200
HOSP_017,R06,BAT_0022,1293,200
HOSP_017,R06,BAT_0023,1101,200
HOSP_017,R06,BAT_0024,1146,200
HOSP_018,M01AB,BAT_0002,184,200
HOSP_018,M01AB,BAT_0003,1426,200
HOSP_018,M01AE,BAT_0004,1465,200
HOSP_018,M01AE,BAT_0005,441,200
HOSP_018,M01AE,BAT_0006,567,200
HOSP_018,N02BA,BAT_0008,379,200
HOSP_018,N02BA,BAT_0009,1412,200
HOSP_018,N02BE,BAT_0010,1156,200
HOSP_018,N02BE,BAT_0011,317,200
HOSP_018,N02BE,BAT_0012,303,200
HOSP_018,N05B,BAT_0013,56,200
HOSP_018,N05C,BAT_0016,1164,200
HOSP_018,N05C,BAT_0017,494,200
HOSP_018,R06,BAT_0022,910,200
HOSP_018,R06,BAT_0023,683,200
HOSP_018,R06,BAT_0024,1394,200
HOSP_019,M01AB,BAT_0001,82,200
HOSP_019,M01AB,BAT_0003,744,200
HOSP_019,M01AE,BAT_0004,50,200
HOSP_019,M01AE,BAT_0006,1172,200
HOSP_019,N02BA,BAT_0007,1427,200
HOSP_019,N02BA,BAT_0008,1274,200
HOSP_019,N02BE,BAT_0010,165,200
HOSP_019,N02BE,BAT_0012,1282,200
HOSP_019,N05B,BAT_0013,605,200
HOSP_019,N05B,BAT_0014,858,200
HOSP_019,N05B,BAT_0015,189,200
HOSP_019,N05C,BAT_0016,1228,200
HOSP_019,N05C,BAT_0017,1107,200
HOSP_019,N05C,BAT_0018,1118,200
HOSP_019,R03,BAT_0019,596,200
HOSP_019,R03,BAT_0020,1157,200
HOSP_019,R06,BAT_0023,899,200
HOSP_020,M01AB,BAT_0001,846,200
HOSP_020,M01AB,BAT_0002,1425,200
HOSP_020,M01AB,BAT_0003,186,200
HOSP_020,M01AE,BAT_0004,987,200
HOSP_020,M01AE,BAT_0005,1274,200
HOSP_020,M01AE,BAT_0006,1444,200
HOSP_020,N02BA,BAT_0007,662,200
HOSP_020,N02BA,BAT_0008,418,200
HOSP_020,N02BA,BAT_0009,1325,200
HOSP_020,N02BE,BAT_0011,1498,200
HOSP_020,N02BE,BAT_0012,1307,200
HOSP_020,N05B,BAT_0013,1155,200
HOSP_020,N05B,BAT_0014,230,200
HOSP_020,N05B,BAT_0015,592,200
HOSP_020,N05C,BAT_0018,385,200
HOSP_020,R03,BAT_0019,1017,200
HOSP_020,R06,BAT_0022,1017,200
HOSP_020,R06,BAT_0023,742,200
