shipment_id,vendor_id,hospital_id,batch_id,ship_date,quantity_shipped,status
SHIP_00001,VEND_003,HOSP_009,BAT_0010,2014-08-10,1825,Delivered
SHIP_00002,VEND_009,HOSP_018,BAT_0022,2014-10-07,1781,Cancelled
SHIP_00003,VEND_009,HOSP_019,BAT_0023,2014-08-16,853,Delivered
SHIP_00004,VEND_004,HOSP_019,BAT_0004,2014-02-22,1984,In Transit
SHIP_00005,VEND_008,HOSP_002,BAT_0015,2014-09-28,1986,Delayed
SHIP_00006,VEND_005,HOSP_006,BAT_0001,2014-02-12,307,In Transit
SHIP_00007,VEND_010,HOSP_018,BAT_0010,2014-05-23,533,In Transit
SHIP_00008,VEND_002,HOSP_010,BAT_0001,2014-10-08,699,Cancelled
SHIP_00009,VEND_005,HOSP_016,BAT_0018,2014-04-02,995,In Transit
SHIP_00010,VEND_008,HOSP_006,BAT_0007,2014-07-04,940,In Transit
SHIP_00011,VEND_004,HOSP_008,BAT_0002,2014-09-05,1127,Delivered
SHIP_00012,VEND_005,HOSP_011,BAT_0010,2014-05-05,734,Cancelled
SHIP_00013,VEND_005,HOSP_008,BAT_0006,2014-09-15,1810,Delivered
SHIP_00014,VEND_010,HOSP_011,BAT_0010,2014-01-23,1331,Cancelled
SHIP_00015,VEND_007,HOSP_004,BAT_0016,2014-10-16,1043,In Transit
SHIP_00016,VEND_008,HOSP_019,BAT_0001,2014-01-31,1273,Delivered
SHIP_00017,VEND_010,HOSP_017,BAT_0009,2014-10-21,912,Cancelled
SHIP_00018,VEND_002,HOSP_015,BAT_0001,2014-08-04,1322,Delayed
SHIP_00019,VEND_002,HOSP_002,BAT_0007,2014-03-03,1563,Delayed
SHIP_00020,VEND_003,HOSP_011,BAT_0016,2014-07-27,1519,Cancelled
SHIP_00021,VEND_002,HOSP_002,BAT_0024,2014-03-11,1381,Delivered
SHIP_00022,VEND_009,HOSP_001,BAT_0012,2014-03-15,1029,Delayed
SHIP_00023,VEND_001,HOSP_001,BAT_0002,2014-07-12,1667,Delayed
SHIP_00024,VEND_005,HOSP_003,BAT_0012,2014-06-03,973,Cancelled
SHIP_00025,VEND_001,HOSP_012,BAT_0024,2014-05-03,1019,In Transit
SHIP_00026,VEND_006,HOSP_014,BAT_0005,2014-09-13,1742,In Transit
SHIP_00027,VEND_003,HOSP_004,BAT_0015,2014-01-13,753,In Transit
SHIP_00028,VEND_004,HOSP_019,BAT_0023,2014-10-16,144,Delayed
SHIP_00029,VEND_008,HOSP_001,BAT_0004,2014-04-11,1624,In Transit
SHIP_00030,VEND_007,HOSP_001,BAT_0022,2014-09-03,1034,In Transit
SHIP_00031,VEND_004,HOSP_005,BAT_0024,2014-01-04,671,In Transit
SHIP_00032,VEND_004,HOSP_015,BAT_0016,2014-03-15,1977,Delayed
SHIP_00033,VEND_008,HOSP_016,BAT_0020,2014-08-05,1992,Delayed
SHIP_00034,VEND_007,HOSP_018,BAT_0011,2014-07-13,518,In Transit
SHIP_00035,VEND_002,HOSP_010,BAT_0017,2014-05-23,679,In Transit
SHIP_00036,VEND_009,HOSP_020,BAT_0017,2014-08-04,1227,Delivered
SHIP_00037,VEND_008,HOSP_012,BAT_0016,2014-09-08,1878,Delayed
SHIP_00038,VEND_006,HOSP_017,BAT_0011,2014-08-13,1485,Cancelled
SHIP_00039,VEND_006,HOSP_013,BAT_0010,2014-10-10,850,Delivered
SHIP_00040,VEND_003,HOSP_009,BAT_0005,2014-10-26,1018,In Transit
SHIP_00041,VEND_007,HOSP_018,BAT_0022,2014-05-17,360,Delayed
SHIP_00042,VEND_007,HOSP_012,BAT_0005,2014-02-17,475,Cancelled
SHIP_00043,VEND_006,HOSP_004,BAT_0003,2014-04-18,1227,Cancelled
SHIP_00044,VEND_009,HOSP_013,BAT_0008,2014-09-05,631,Delivered
SHIP_00045,VEND_005,HOSP_018,BAT_0016,2014-05-22,1462,Cancelled
SHIP_00046,VEND_005,HOSP_015,BAT_0014,2014-08-15,1692,In Transit
SHIP_00047,VEND_008,HOSP_003,BAT_0001,2014-10-28,495,Delivered
SHIP_00048,VEND_009,HOSP_015,BAT_0006,2014-09-27,1118,Cancelled
SHIP_00049,VEND_007,HOSP_002,BAT_0014,2014-10-20,1466,Cancelled
SHIP_00050,VEND_005,HOSP_006,BAT_0001,2014-08-14,776,Delivered
SHIP_00051,VEND_008,HOSP_018,BAT_0010,2014-06-17,926,In Transit
SHIP_00052,VEND_002,HOSP_013,BAT_0007,2014-03-16,636,Cancelled
SHIP_00053,VEND_002,HOSP_018,BAT_0024,2014-06-20,928,Delayed
SHIP_00054,VEND_006,HOSP_008,BAT_0003,2014-03-01,371,Delivered
SHIP_00055,VEND_002,HOSP_008,BAT_0023,2014-06-01,1167,In Transit
SHIP_00056,VEND_008,HOSP_020,BAT_0002,2014-09-15,1188,Cancelled
SHIP_00057,VEND_007,HOSP_011,BAT_0004,2014-09-19,1985,Delayed
SHIP_00058,VEND_007,HOSP_002,BAT_0004,2014-08-13,1112,Delivered
SHIP_00059,VEND_010,HOSP_008,BAT_0020,2014-06-30,949,Cancelled
SHIP_00060,VEND_002,HOSP_011,BAT_0012,2014-01-20,1517,In Transit
SHIP_00061,VEND_007,HOSP_010,BAT_0003,2014-04-06,1611,In Transit
SHIP_00062,VEND_007,HOSP_012,BAT_0011,2014-05-16,415,Delayed
SHIP_00063,VEND_009,HOSP_015,BAT_0007,2014-09-07,1983,Delayed
SHIP_00064,VEND_007,HOSP_018,BAT_0008,2014-03-01,385,Delivered
SHIP_00065,VEND_003,HOSP_015,BAT_0023,2014-04-04,354,Delivered
SHIP_00066,VEND_002,HOSP_017,BAT_0002,2014-04-21,222,In Transit
SHIP_00067,VEND_005,HOSP_020,BAT_0017,2014-02-13,205,Delivered
SHIP_00068,VEND_005,HOSP_015,BAT_0022,2014-10-02,745,Delayed
SHIP_00069,VEND_008,HOSP_016,BAT_0008,2014-07-05,694,In Transit
SHIP_00070,VEND_009,HOSP_006,BAT_0008,2014-03-19,1909,Delivered
SHIP_00071,VEND_003,HOSP_003,BAT_0018,2014-04-08,1722,In Transit
SHIP_00072,VEND_007,HOSP_019,BAT_0024,2014-08-02,637,In Transit
SHIP_00073,VEND_010,HOSP_017,BAT_0021,2014-07-04,120,Delayed
SHIP_00074,VEND_010,HOSP_017,BAT_0016,2014-07-20,522,In Transit
SHIP_00075,VEND_008,HOSP_011,BAT_0017,2014-10-24,658,Delayed
SHIP_00076,VEND_003,HOSP_016,BAT_0004,2014-08-08,1944,In Transit
SHIP_00077,VEND_001,HOSP_005,BAT_0009,2014-08-28,1973,Delayed
SHIP_00078,VEND_010,HOSP_017,BAT_0009,2014-07-21,812,Delivered
SHIP_00079,VEND_007,HOSP_013,BAT_0001,2014-02-02,1274,Delayed
SHIP_00080,VEND_009,HOSP_007,BAT_0002,2014-08-29,1771,Cancelled
SHIP_00081,VEND_007,HOSP_010,BAT_0013,2014-03-18,1575,Delayed
SHIP_00082,VEND_009,HOSP_019,BAT_0019,2014-09-16,1233,Cancelled
SHIP_00083,VEND_005,HOSP_009,BAT_0010,2014-04-02,896,In Transit
SHIP_00084,VEND_003,HOSP_017,BAT_0022,2014-02-13,673,In Transit
SHIP_00085,VEND_010,HOSP_006,BAT_0015,2014-01-23,726,In Transit
SHIP_00086,VEND_001,HOSP_019,BAT_0017,2014-10-19,288,Delivered
SHIP_00087,VEND_003,HOSP_002,BAT_0006,2014-03-16,1639,Delivered
SHIP_00088,VEND_002,HOSP_005,BAT_0021,2014-06-25,1502,Delayed
SHIP_00089,VEND_004,HOSP_013,BAT_0017,2014-02-11,671,Delivered
SHIP_00090,VEND_005,HOSP_004,BAT_0023,2014-06-17,894,Delayed
SHIP_00091,VEND_004,HOSP_016,BAT_0001,2014-03-27,102,Cancelled
SHIP_00092,VEND_008,HOSP_012,BAT_0003,2014-09-14,1358,Delivered
SHIP_00093,VEND_004,HOSP_006,BAT_0006,2014-01-25,1585,Cancelled
SHIP_00094,VEND_008,HOSP_008,BAT_0010,2014-01-15,1656,Cancelled
SHIP_00095,VEND_005,HOSP_008,BAT_0006,2014-09-19,972,Cancelled
SHIP_00096,VEND_009,HOSP_010,BAT_0014,2014-05-13,657,In Transit
SHIP_00097,VEND_001,HOSP_007,BAT_0005,2014-02-10,547,In Transit
SHIP_00098,VEND_006,HOSP_009,BAT_0008,2014-10-07,1014,Cancelled
SHIP_00099,VEND_004,HOSP_002,BAT_0024,2014-09-05,828,Delayed
SHIP_00100,VEND_003,HOSP_003,BAT_0020,2014-10-04,965,Delayed
SHIP_00101,VEND_010,HOSP_020,BAT_0014,2014-06-25,1217,In Transit
SHIP_00102,VEND_005,HOSP_007,BAT_0003,2014-03-13,1966,In Transit
SHIP_00103,VEND_003,HOSP_012,BAT_0012,2014-02-11,1126,In Transit
SHIP_00104,VEND_004,HOSP_001,BAT_0016,2014-03-29,1212,Delivered
SHIP_00105,VEND_002,HOSP_005,BAT_0011,2014-05-18,1057,Delivered
SHIP_00106,VEND_008,HOSP_002,BAT_0015,2014-08-01,1120,In Transit
SHIP_00107,VEND_005,HOSP_011,BAT_0010,2014-06-04,1607,Cancelled
SHIP_00108,VEND_010,HOSP_015,BAT_0003,2014-06-17,311,In Transit
SHIP_00109,VEND_006,HOSP_014,BAT_0017,2014-02-27,1807,Cancelled
SHIP_00110,VEND_002,HOSP_002,BAT_0005,2014-04-19,711,In Transit
SHIP_00111,VEND_005,HOSP_011,BAT_0020,2014-07-19,1585,Cancelled
SHIP_00112,VEND_010,HOSP_009,BAT_0014,2014-04-30,1182,Delayed
SHIP_00113,VEND_009,HOSP_007,BAT_0023,2014-07-11,303,Delivered
SHIP_00114,VEND_001,HOSP_007,BAT_0012,2014-10-22,1236,Delayed
SHIP_00115,VEND_008,HOSP_005,BAT_0013,2014-09-16,489,In Transit
SHIP_00116,VEND_006,HOSP_002,BAT_0006,2014-09-01,1105,Delivered
SHIP_00117,VEND_007,HOSP_010,BAT_0006,2014-03-22,326,Delivered
SHIP_00118,VEND_004,HOSP_018,BAT_0015,2014-03-31,1767,In Transit
SHIP_00119,VEND_009,HOSP_001,BAT_0016,2014-09-23,610,Cancelled
SHIP_00120,VEND_005,HOSP_019,BAT_0016,2014-08-02,185,Cancelled
SHIP_00121,VEND_010,HOSP_020,BAT_0001,2014-06-11,1591,Delivered
SHIP_00122,VEND_007,HOSP_009,BAT_0008,2014-10-17,1626,In Transit
SHIP_00123,VEND_007,HOSP_005,BAT_0007,2014-06-27,1290,Delayed
SHIP_00124,VEND_003,HOSP_003,BAT_0003,2014-01-15,1865,Delivered
SHIP_00125,VEND_008,HOSP_001,BAT_0022,2014-09-19,190,Delivered
SHIP_00126,VEND_009,HOSP_005,BAT_0006,2014-01-22,361,Delivered
SHIP_00127,VEND_004,HOSP_005,BAT_0024,2014-07-04,441,Delivered
SHIP_00128,VEND_010,HOSP_008,BAT_0019,2014-10-06,1571,Delayed
SHIP_00129,VEND_001,HOSP_017,BAT_0019,2014-07-17,1182,Delivered
SHIP_00130,VEND_007,HOSP_013,BAT_0003,2014-05-31,1839,Cancelled
SHIP_00131,VEND_001,HOSP_003,BAT_0010,2014-03-02,1062,In Transit
SHIP_00132,VEND_008,HOSP_012,BAT_0019,2014-05-16,1357,Delivered
SHIP_00133,VEND_008,HOSP_007,BAT_0019,2014-03-05,190,Cancelled
SHIP_00134,VEND_006,HOSP_002,BAT_0024,2014-08-04,925,Delayed
SHIP_00135,VEND_007,HOSP_002,BAT_0006,2014-08-26,1052,In Transit
SHIP_00136,VEND_007,HOSP_001,BAT_0008,2014-03-05,1798,Delayed
SHIP_00137,VEND_003,HOSP_010,BAT_0011,2014-01-29,131,Cancelled
SHIP_00138,VEND_003,HOSP_015,BAT_0002,2014-04-14,1514,Delayed
SHIP_00139,VEND_005,HOSP_003,BAT_0022,2014-03-22,975,Delayed
SHIP_00140,VEND_007,HOSP_010,BAT_0013,2014-06-11,1199,Cancelled
SHIP_00141,VEND_008,HOSP_013,BAT_0021,2014-07-14,1451,Delayed
SHIP_00142,VEND_010,HOSP_004,BAT_0009,2014-07-31,439,Delayed
SHIP_00143,VEND_001,HOSP_001,BAT_0001,2014-01-06,1813,Delivered
SHIP_00144,VEND_008,HOSP_009,BAT_0007,2014-04-20,1016,Delayed
SHIP_00145,VEND_002,HOSP_001,BAT_0016,2014-09-09,592,In Transit
SHIP_00146,VEND_003,HOSP_005,BAT_0011,2014-04-09,1834,In Transit
SHIP_00147,VEND_008,HOSP_014,BAT_0006,2014-04-26,1415,In Transit
SHIP_00148,VEND_004,HOSP_009,BAT_0011,2014-04-19,190,Delivered
SHIP_00149,VEND_005,HOSP_004,BAT_0016,2014-06-26,1111,Cancelled
SHIP_00150,VEND_008,HOSP_018,BAT_0014,2014-07-09,1768,Cancelled
