datum,M01AB,M01AE,N02BA,N02BE,N05B,N05C,R03,R06
2025-01-01,103,212,168,294,47,78,115,252
2025-01-02,86,199,144,336,39,77,114,240
2025-01-03,101,209,139,304,46,88,110,216
2025-01-04,93,188,130,312,46,70,104,258
2025-01-05,95,218,170,272,47,69,94,261
2025-01-06,93,199,146,298,50,77,119,264
2025-01-07,100,229,141,293,52,74,120,276
2025-01-08,96,180,156,271,47,73,128,235
2025-01-09,122,224,128,330,51,64,137,256
2025-01-10,94,180,143,295,41,69,129,274
2025-01-11,98,189,131,327,39,76,101,248
2025-01-12,89,171,155,329,37,71,121,216
2025-01-13,90,216,169,318,52,78,153,248
2025-01-14,107,201,156,326,43,91,121,268
2025-01-15,93,203,143,297,43,63,117,252
2025-01-16,97,204,156,323,45,105,103,219
2025-01-17,97,188,131,285,43,74,110,280
2025-01-18,103,210,152,338,53,87,125,253
2025-01-19,106,220,170,269,41,82,122,250
2025-01-20,102,218,144,301,50,67,118,241
2025-01-21,94,183,158,304,47,69,128,241
2025-01-22,102,182,153,270,55,74,113,240
2025-01-23,107,212,125,293,56,97,129,246
2025-01-24,100,207,126,311,36,75,107,224
2025-01-25,98,200,150,292,46,89,135,267
2025-01-26,101,216,151,299,43,66,124,281
2025-01-27,102,182,136,314,58,70,120,271
2025-01-28,110,217,173,286,60,83,109,267
2025-01-29,97,186,153,289,67,85,126,250
2025-01-30,89,192,152,309,44,89,106,275
2025-01-31,90,212,146,288,60,82,114,264
2025-02-01,102,199,129,282,59,75,127,266
2025-02-02,105,206,156,285,45,79,131,243
2025-02-03,103,212,160,286,47,74,118,240
2025-02-04,94,240,158,308,42,89,111,229
2025-02-05,105,187,155,303,45,71,120,240
2025-02-06,100,180,142,277,48,78,133,264
2025-02-07,95,199,161,307,51,93,132,241
2025-02-08,88,195,178,279,50,104,130,251
2025-02-09,111,213,158,345,42,86,116,246
2025-02-10,93,177,153,284,64,45,127,221
2025-02-11,100,182,129,313,46,84,107,251
2025-02-12,77,196,153,300,40,73,108,268
2025-02-13,113,197,155,308,64,62,122,248
2025-02-14,78,197,141,307,48,70,130,247
2025-02-15,104,200,152,313,44,78,118,216
2025-02-16,91,216,145,316,60,78,139,258
2025-02-17,91,189,147,317,45,68,124,226
2025-02-18,108,205,140,317,74,79,122,249
2025-02-19,102,174,137,276,45,77,115,246
2025-02-20,115,215,151,301,56,72,129,245
2025-02-21,95,208,133,287,47,85,120,263
2025-02-22,96,193,160,306,62,86,107,255
2025-02-23,92,199,138,288,45,73,110,251
2025-02-24,112,226,158,298,47,82,141,250
2025-02-25,114,184,128,289,57,84,135,226
2025-02-26,95,221,159,286,36,77,142,246
2025-02-27,93,189,158,305,46,85,119,256
2025-02-28,114,188,139,288,59,84,131,229
2025-03-01,104,206,143,301,59,76,154,272
2025-03-02,92,211,147,311,52,75,147,257
2025-03-03,101,223,157,314,55,78,129,220
2025-03-04,109,207,163,315,48,81,126,233
2025-03-05,100,216,156,316,39,90,125,272
2025-03-06,87,197,127,308,53,80,141,250
2025-03-07,92,185,172,303,46,70,112,232
2025-03-08,91,205,141,299,47,80,106,258
2025-03-09,93,201,127,307,63,71,115,236
2025-03-10,98,206,163,312,49,78,108,232
2025-03-11,97,203,147,330,39,71,126,232
2025-03-12,104,225,143,304,39,76,105,261
2025-03-13,110,206,158,280,51,60,114,272
2025-03-14,88,204,162,279,47,68,121,275
2025-03-15,105,197,119,320,47,78,112,248
2025-03-16,101,195,132,273,53,86,101,281
2025-03-17,101,207,141,285,42,91,127,260
2025-03-18,88,197,158,266,57,61,112,250
2025-03-19,129,207,145,313,56,88,113,230
2025-03-20,100,188,135,302,42,79,105,246
2025-03-21,96,191,171,300,43,79,118,251
2025-03-22,84,200,141,289,46,79,123,237
2025-03-23,96,196,145,306,41,83,118,246
2025-03-24,101,189,154,324,48,68,128,245
2025-03-25,111,207,142,305,56,74,135,278
2025-03-26,116,223,125,318,45,79,118,232
2025-03-27,113,172,141,292,48,75,105,274
2025-03-28,108,187,169,298,54,81,121,261
2025-03-29,102,186,167,282,34,91,92,214
2025-03-30,104,201,163,317,41,84,132,256
2025-03-31,87,201,136,291,59,69,128,266
2025-04-01,102,186,150,315,45,73,136,241
2025-04-02,97,204,153,316,50,64,123,276
2025-04-03,101,211,141,311,44,71,124,220
2025-04-04,95,182,161,264,49,83,109,255
2025-04-05,84,205,145,275,51,77,118,228
2025-04-06,105,205,157,280,55,65,118,276
2025-04-07,97,205,151,309,49,79,124,239
2025-04-08,100,180,141,300,47,99,116,277
2025-04-09,120,211,155,282,46,72,118,253
2025-04-10,93,187,141,297,56,69,134,252
